,precision,min_confident,total_points
0,0.16666666666666666,0.4,6
1,0.8333333333333334,0.6,6
2,1.0,0.9,6
