,precision,min_confident,total_points
0,0.0,0.7,13
1,0.07692307692307693,0.5,13
2,0.15384615384615385,0.5,13
3,0.6153846153846154,0.5,13
4,0.38461538461538464,0.4,13
5,1.0,0.6,13
6,1.0,0.4,13
7,1.0,0.9,13
