,precision,min_confident
0,0.18181818181818182,0.5
1,0.36363636363636365,0.4
2,0.5454545454545454,0.4
3,0.36363636363636365,0.4
4,0.8181818181818182,0.5
5,0.8181818181818182,0.5
6,1.0,0.7
7,1.0,0.5
8,1.0,0.7
9,1.0,1.0
