,precision,min_confident,total_points
0,0.0,0.6,18
1,0.05555555555555555,0.6,18
2,0.7222222222222222,0.4,18
3,0.6111111111111112,0.4,18
4,0.6111111111111112,0.5,18
5,0.7777777777777778,0.4,18
6,0.7222222222222222,0.5,18
7,0.7777777777777778,0.5,18
8,0.9444444444444444,0.6,18
9,0.9444444444444444,0.6,18
10,1.0,0.8,18
