,precision,min_confident
0,0.0,0.5
1,0.6153846153846154,0.5
2,0.46153846153846156,0.5
3,0.6923076923076923,0.7
4,0.8461538461538461,0.6
5,0.7692307692307693,0.5
6,1.0,0.7
7,1.0,0.8
